{
    "loss": 10.850502967834473,
    "accuracy": 0.5686274766921997
}