{
    "loss": 13.851004600524902,
    "accuracy": 0.5686274766921997
}